{"stats":{"minecraft:used":{"minecraft:cobblestone":2},"minecraft:custom":{"minecraft:jump":26,"minecraft:time_since_rest":13601,"minecraft:sprint_one_cm":8574,"minecraft:leave_game":1,"minecraft:play_time":13601,"minecraft:damage_taken":30,"minecraft:time_since_death":13601,"minecraft:walk_one_cm":3626,"minecraft:total_world_time":13601,"minecraft:fly_one_cm":8138},"minecraft:picked_up":{"minecraft:netherite_axe":1,"minecraft:netherite_shovel":1,"minecraft:netherite_hoe":1,"minecraft:netherite_pickaxe":1,"minecraft:cobblestone":832}},"DataVersion":3465}