{"stats":{"minecraft:used":{"minecraft:cobblestone":3,"minecraft:netherite_pickaxe":174},"minecraft:custom":{"minecraft:time_since_rest":1847,"minecraft:crouch_one_cm":389,"minecraft:play_time":25601,"minecraft:sprint_one_cm":40531,"minecraft:deaths":2,"minecraft:damage_taken":500,"minecraft:walk_one_cm":27066,"minecraft:sneak_time":24,"minecraft:drop":4,"minecraft:jump":69,"minecraft:leave_game":1,"minecraft:time_since_death":1753,"minecraft:total_world_time":25601,"minecraft:fly_one_cm":10362},"minecraft:picked_up":{"minecraft:netherite_shovel":2,"minecraft:netherite_axe":2,"minecraft:netherite_pickaxe":2,"minecraft:netherite_hoe":1,"minecraft:cobblestone":1048},"minecraft:mined":{"minecraft:cobblestone":174},"minecraft:killed_by":{"minecraft:stray":1,"minecraft:zombie":1},"minecraft:dropped":{"minecraft:netherite_pickaxe":1,"minecraft:netherite_shovel":1,"minecraft:netherite_hoe":1,"minecraft:netherite_axe":1}},"DataVersion":3465}