{"stats":{"minecraft:used":{"minecraft:netherite_pickaxe":143,"minecraft:cobblestone":2},"minecraft:custom":{"minecraft:jump":33,"minecraft:deaths":1,"minecraft:time_since_rest":2289,"minecraft:crouch_one_cm":633,"minecraft:damage_taken":290,"minecraft:sprint_one_cm":30201,"minecraft:play_time":11207,"minecraft:time_since_death":1285,"minecraft:walk_one_cm":19748,"minecraft:sneak_time":41,"minecraft:total_world_time":11207,"minecraft:drop":4,"minecraft:fly_one_cm":5161},"minecraft:picked_up":{"minecraft:netherite_shovel":1,"minecraft:netherite_axe":2,"minecraft:netherite_hoe":1,"minecraft:netherite_pickaxe":2,"minecraft:cobblestone":545},"minecraft:mined":{"minecraft:cobblestone":143},"minecraft:killed_by":{"minecraft:creeper":1},"minecraft:dropped":{"minecraft:cobblestone":199}},"DataVersion":3465}