{"stats":{"minecraft:used":{"minecraft:cobblestone":572,"minecraft:netherite_pickaxe":41,"minecraft:netherite_axe":3},"minecraft:custom":{"minecraft:time_since_rest":32594,"minecraft:crouch_one_cm":2383,"minecraft:play_time":32594,"minecraft:sprint_one_cm":24673,"minecraft:damage_taken":110,"minecraft:walk_one_cm":46026,"minecraft:sneak_time":2202,"minecraft:mob_kills":2,"minecraft:drop":29,"minecraft:jump":114,"minecraft:damage_dealt":480,"minecraft:leave_game":4,"minecraft:time_since_death":32594,"minecraft:total_world_time":32594,"minecraft:fall_one_cm":2752,"minecraft:fly_one_cm":34738},"minecraft:picked_up":{"minecraft:tipped_arrow":1,"minecraft:rotten_flesh":2,"minecraft:arrow":1,"minecraft:bone":2,"minecraft:netherite_shovel":1,"minecraft:netherite_axe":1,"minecraft:netherite_pickaxe":1,"minecraft:cobblestone":824},"minecraft:killed":{"minecraft:zombie":1,"minecraft:stray":1},"minecraft:mined":{"minecraft:cobblestone":39},"minecraft:dropped":{"minecraft:cobblestone":1159,"minecraft:netherite_shovel":3,"minecraft:netherite_pickaxe":3,"minecraft:netherite_hoe":1,"minecraft:netherite_axe":3}},"DataVersion":3465}