{"stats":{"minecraft:used":{"minecraft:cobblestone":570},"minecraft:custom":{"minecraft:jump":81,"minecraft:time_since_rest":20594,"minecraft:damage_dealt":30,"minecraft:crouch_one_cm":2015,"minecraft:sprint_one_cm":10372,"minecraft:leave_game":4,"minecraft:play_time":20594,"minecraft:damage_taken":80,"minecraft:time_since_death":20594,"minecraft:walk_one_cm":19185,"minecraft:sneak_time":2156,"minecraft:total_world_time":20594,"minecraft:fall_one_cm":2752,"minecraft:drop":23,"minecraft:fly_one_cm":22367},"minecraft:dropped":{"minecraft:cobblestone":1159,"minecraft:netherite_pickaxe":1,"minecraft:netherite_shovel":1,"minecraft:netherite_hoe":1,"minecraft:netherite_axe":1}},"DataVersion":3465}