{"stats":{"minecraft:used":{"minecraft:diorite":1,"minecraft:stone_sword":5,"minecraft:stone_shovel":39,"minecraft:stone_pickaxe":160,"minecraft:shield":2,"minecraft:wooden_pickaxe":12,"minecraft:iron_sword":26,"minecraft:torch":30,"minecraft:dirt":44,"minecraft:crafting_table":6,"minecraft:blast_furnace":1,"minecraft:granite":2,"minecraft:smoker":1,"minecraft:iron_axe":14,"minecraft:bread":1,"minecraft:iron_pickaxe":166,"minecraft:gravel":22,"minecraft:stone_axe":44,"minecraft:cobblestone":80,"minecraft:dark_oak_boat":2,"minecraft:furnace":1,"minecraft:cooked_porkchop":4,"minecraft:cooked_beef":1},"minecraft:crafted":{"minecraft:cooked_beef":13,"minecraft:smooth_stone":3,"minecraft:stone_shovel":1,"minecraft:cooked_porkchop":8,"minecraft:dark_oak_boat":2,"minecraft:crafting_table":3,"minecraft:wooden_pickaxe":1,"minecraft:iron_helmet":1,"minecraft:furnace":3,"minecraft:blast_furnace":1,"minecraft:stone":3,"minecraft:stone_axe":1,"minecraft:air":0,"minecraft:iron_axe":1,"minecraft:stick":28,"minecraft:iron_ingot":11,"minecraft:iron_pickaxe":1,"minecraft:stone_pickaxe":2,"minecraft:stone_sword":1,"minecraft:dark_oak_planks":48,"minecraft:torch":52,"minecraft:smoker":1},"minecraft:custom":{"minecraft:interact_with_furnace":5,"minecraft:mob_kills":21,"minecraft:interact_with_crafting_table":16,"minecraft:play_one_minute":51900,"minecraft:time_since_death":51900,"minecraft:sleep_in_bed":2,"minecraft:time_since_rest":15549,"minecraft:sprint_one_cm":35584,"minecraft:damage_taken":417,"minecraft:walk_one_cm":223495,"minecraft:damage_blocked_by_shield":80,"minecraft:drop":41,"minecraft:damage_dealt":3009,"minecraft:fly_one_cm":12353,"minecraft:open_chest":4,"minecraft:crouch_one_cm":294,"minecraft:sneak_time":286,"minecraft:walk_under_water_one_cm":420,"minecraft:boat_one_cm":33127,"minecraft:jump":436,"minecraft:interact_with_blast_furnace":7,"minecraft:walk_on_water_one_cm":5356,"minecraft:interact_with_smoker":15,"minecraft:fall_one_cm":6846},"minecraft:mined":{"minecraft:white_bed":2,"minecraft:dark_oak_leaves":2,"minecraft:dark_oak_log":35,"minecraft:crafting_table":5,"minecraft:torch":2,"minecraft:granite":2,"minecraft:grass_block":8,"minecraft:cobblestone":12,"minecraft:diorite":1,"minecraft:wall_torch":1,"minecraft:furnace":1,"minecraft:iron_ore":44,"minecraft:andesite":1,"minecraft:grass":7,"minecraft:coal_ore":108,"minecraft:gravel":24,"minecraft:dirt":40,"minecraft:stone":160},"minecraft:dropped":{"minecraft:gravel":28,"minecraft:wheat_seeds":1,"minecraft:cooked_porkchop":4,"minecraft:rotten_flesh":1,"minecraft:white_bed":1,"minecraft:dark_oak_log":14,"minecraft:wooden_pickaxe":1,"minecraft:stone_pickaxe":1,"minecraft:white_wool":2},"minecraft:killed":{"minecraft:pig":4,"minecraft:spider":2,"minecraft:creeper":1,"minecraft:sheep":3,"minecraft:skeleton":2,"minecraft:zombie":1,"minecraft:chicken":1,"minecraft:cow":7},"minecraft:picked_up":{"minecraft:crafting_table":4,"minecraft:feather":2,"minecraft:chicken":1,"minecraft:andesite":1,"minecraft:leather":8,"minecraft:dark_oak_boat":1,"minecraft:wooden_pickaxe":1,"minecraft:flint":3,"minecraft:gunpowder":1,"minecraft:shield":1,"minecraft:string":2,"minecraft:dirt":45,"minecraft:wheat_seeds":1,"minecraft:beef":16,"minecraft:stone_pickaxe":2,"minecraft:iron_ingot":5,"minecraft:iron_ore":44,"minecraft:iron_sword":1,"minecraft:furnace":1,"minecraft:torch":7,"minecraft:gravel":50,"minecraft:porkchop":8,"minecraft:blast_furnace":1,"minecraft:diorite":4,"minecraft:white_bed":3,"minecraft:dark_oak_log":35,"minecraft:arrow":2,"minecraft:rotten_flesh":1,"minecraft:granite":4,"minecraft:mutton":3,"minecraft:coal":108,"minecraft:cobblestone":168,"minecraft:white_wool":3}},"DataVersion":2586}