{"stats":{"minecraft:used":{"minecraft:stone_sword":5,"minecraft:stone_shovel":14,"minecraft:stone_pickaxe":160,"minecraft:shield":1,"minecraft:wooden_pickaxe":12,"minecraft:iron_sword":10,"minecraft:torch":11,"minecraft:dirt":44,"minecraft:crafting_table":6,"minecraft:blast_furnace":1,"minecraft:smoker":1,"minecraft:iron_axe":9,"minecraft:iron_pickaxe":61,"minecraft:stone_axe":44,"minecraft:cobblestone":9,"minecraft:dark_oak_boat":2,"minecraft:furnace":1,"minecraft:cooked_porkchop":3},"minecraft:crafted":{"minecraft:smooth_stone":3,"minecraft:stone_shovel":1,"minecraft:cooked_porkchop":8,"minecraft:dark_oak_boat":2,"minecraft:crafting_table":3,"minecraft:wooden_pickaxe":1,"minecraft:iron_helmet":1,"minecraft:furnace":3,"minecraft:blast_furnace":1,"minecraft:stone":3,"minecraft:stone_axe":1,"minecraft:air":0,"minecraft:iron_axe":1,"minecraft:stick":20,"minecraft:iron_ingot":11,"minecraft:iron_pickaxe":1,"minecraft:stone_pickaxe":2,"minecraft:stone_sword":1,"minecraft:dark_oak_planks":44,"minecraft:torch":12,"minecraft:smoker":1},"minecraft:custom":{"minecraft:interact_with_furnace":5,"minecraft:mob_kills":12,"minecraft:interact_with_crafting_table":16,"minecraft:play_one_minute":39900,"minecraft:time_since_death":39900,"minecraft:sleep_in_bed":2,"minecraft:time_since_rest":3549,"minecraft:sprint_one_cm":33748,"minecraft:damage_taken":149,"minecraft:walk_one_cm":158272,"minecraft:damage_blocked_by_shield":40,"minecraft:drop":13,"minecraft:damage_dealt":1789,"minecraft:fly_one_cm":12188,"minecraft:crouch_one_cm":237,"minecraft:sneak_time":274,"minecraft:walk_under_water_one_cm":313,"minecraft:boat_one_cm":33127,"minecraft:jump":295,"minecraft:interact_with_blast_furnace":7,"minecraft:walk_on_water_one_cm":1523,"minecraft:interact_with_smoker":9,"minecraft:fall_one_cm":2396},"minecraft:dropped":{"minecraft:wheat_seeds":1,"minecraft:cooked_porkchop":4,"minecraft:rotten_flesh":1,"minecraft:white_bed":1,"minecraft:dark_oak_log":14,"minecraft:wooden_pickaxe":1,"minecraft:stone_pickaxe":1,"minecraft:white_wool":2},"minecraft:mined":{"minecraft:white_bed":2,"minecraft:dark_oak_leaves":2,"minecraft:dark_oak_log":35,"minecraft:crafting_table":5,"minecraft:torch":1,"minecraft:granite":2,"minecraft:grass_block":7,"minecraft:cobblestone":6,"minecraft:diorite":1,"minecraft:furnace":1,"minecraft:iron_ore":29,"minecraft:grass":7,"minecraft:coal_ore":74,"minecraft:dirt":40,"minecraft:stone":111},"minecraft:killed":{"minecraft:pig":4,"minecraft:sheep":3,"minecraft:skeleton":1,"minecraft:zombie":1,"minecraft:cow":3},"minecraft:picked_up":{"minecraft:crafting_table":4,"minecraft:leather":3,"minecraft:dark_oak_boat":1,"minecraft:wooden_pickaxe":1,"minecraft:gunpowder":1,"minecraft:shield":1,"minecraft:dirt":44,"minecraft:wheat_seeds":1,"minecraft:beef":6,"minecraft:stone_pickaxe":2,"minecraft:iron_ingot":5,"minecraft:iron_ore":29,"minecraft:iron_sword":1,"minecraft:furnace":1,"minecraft:torch":5,"minecraft:porkchop":8,"minecraft:blast_furnace":1,"minecraft:diorite":1,"minecraft:white_bed":2,"minecraft:dark_oak_log":35,"minecraft:rotten_flesh":1,"minecraft:granite":2,"minecraft:mutton":3,"minecraft:coal":74,"minecraft:cobblestone":119,"minecraft:white_wool":3}},"DataVersion":2586}