{"stats":{"minecraft:broken":{"minecraft:iron_pickaxe":1},"minecraft:used":{"minecraft:cooked_mutton":2,"minecraft:stone_pickaxe":67,"minecraft:shield":6,"minecraft:wooden_pickaxe":7,"minecraft:iron_sword":34,"minecraft:torch":25,"minecraft:crafting_table":1,"minecraft:white_bed":2,"minecraft:smoker":1,"minecraft:iron_pickaxe":251,"minecraft:stone_axe":63,"minecraft:cobblestone":38,"minecraft:dark_oak_boat":1,"minecraft:furnace":2,"minecraft:cooked_porkchop":1},"minecraft:crafted":{"minecraft:cooked_beef":3,"minecraft:smooth_stone":3,"minecraft:iron_sword":2,"minecraft:furnace":2,"minecraft:blast_furnace":1,"minecraft:stone":3,"minecraft:stone_axe":1,"minecraft:cooked_mutton":3,"minecraft:air":0,"minecraft:charcoal":2,"minecraft:shield":2,"minecraft:stick":24,"minecraft:iron_ingot":21,"minecraft:iron_pickaxe":1,"minecraft:stone_pickaxe":1,"minecraft:white_bed":2,"minecraft:dark_oak_planks":60,"minecraft:torch":40},"minecraft:custom":{"minecraft:interact_with_furnace":33,"minecraft:mob_kills":23,"minecraft:interact_with_crafting_table":19,"minecraft:play_one_minute":53766,"minecraft:time_since_death":53766,"minecraft:sleep_in_bed":1,"minecraft:time_since_rest":15549,"minecraft:sprint_one_cm":73031,"minecraft:damage_taken":190,"minecraft:walk_one_cm":77962,"minecraft:damage_blocked_by_shield":220,"minecraft:drop":29,"minecraft:damage_dealt":2485,"minecraft:swim_one_cm":1111,"minecraft:fly_one_cm":94893,"minecraft:open_chest":1,"minecraft:crouch_one_cm":1568,"minecraft:sneak_time":980,"minecraft:walk_under_water_one_cm":824,"minecraft:boat_one_cm":34090,"minecraft:jump":560,"minecraft:interact_with_blast_furnace":7,"minecraft:walk_on_water_one_cm":9514,"minecraft:interact_with_smoker":10,"minecraft:fall_one_cm":9699},"minecraft:mined":{"minecraft:mossy_cobblestone":1,"minecraft:smoker":1,"minecraft:dark_oak_log":24,"minecraft:crafting_table":2,"minecraft:torch":4,"minecraft:granite":11,"minecraft:emerald_ore":1,"minecraft:blast_furnace":1,"minecraft:grass_block":9,"minecraft:cobblestone":4,"minecraft:diorite":3,"minecraft:wall_torch":3,"minecraft:furnace":2,"minecraft:iron_ore":41,"minecraft:andesite":8,"minecraft:grass":9,"minecraft:coal_ore":35,"minecraft:gravel":8,"minecraft:dirt":16,"minecraft:stone":173,"minecraft:gold_ore":24,"minecraft:oak_leaves":6},"minecraft:dropped":{"minecraft:iron_ingot":5,"minecraft:iron_sword":1,"minecraft:stone_axe":1,"minecraft:wheat_seeds":1,"minecraft:stone_sword":1,"minecraft:rotten_flesh":1,"minecraft:leather":8,"minecraft:granite":2,"minecraft:blast_furnace":2,"minecraft:shield":1,"minecraft:torch":4,"minecraft:wooden_pickaxe":1,"minecraft:stone_pickaxe":2},"minecraft:killed":{"minecraft:spider":2,"minecraft:creeper":2,"minecraft:sheep":4,"minecraft:skeleton":3,"minecraft:cow":12},"minecraft:picked_up":{"minecraft:crafting_table":3,"minecraft:cooked_beef":5,"minecraft:andesite":8,"minecraft:leather":8,"minecraft:dark_oak_boat":2,"minecraft:wooden_pickaxe":1,"minecraft:smoker":1,"minecraft:gunpowder":2,"minecraft:string":3,"minecraft:dirt":28,"minecraft:bone":6,"minecraft:apple":1,"minecraft:wheat_seeds":1,"minecraft:beef":25,"minecraft:stone_pickaxe":2,"minecraft:iron_ore":41,"minecraft:furnace":2,"minecraft:stick":1,"minecraft:cooked_porkchop":4,"minecraft:torch":8,"minecraft:gravel":28,"minecraft:blast_furnace":2,"minecraft:white_bed":1,"minecraft:gold_ore":24,"minecraft:dark_oak_log":37,"minecraft:mossy_cobblestone":1,"minecraft:stone_sword":1,"minecraft:rotten_flesh":1,"minecraft:stone_axe":1,"minecraft:granite":9,"minecraft:mutton":9,"minecraft:coal":35,"minecraft:white_wool":6,"minecraft:cobblestone":176}},"DataVersion":2586}